emp_id,emp_name,designation,salary
104, 'David','Mule Architect',85668
105, 'David','Mule Architect',85668
106, 'David','Mule Architect',85668
107, 'David','Mule Architect',85668
108, 'David','Mule Architect',85668
109, 'David','Mule Architect',85668
110, 'David','Mule Architect',85668
110, 'David','Mule Architect',85668
111, 'David','Mule Architect',85668
112, 'David','Mule Architect',85668
113, 'David','Mule Architect',85668
114, 'David','Mule Architect',85668
115, 'David','Mule Architect',85668
116, 'David','Mule Architect',85668
117, 'David','Mule Architect',85668
118, 'David','Mule Architect',85668
119, 'David','Mule Architect',85668
120, 'David','Mule Architect',85668
121, 'David','Mule Architect',85668
122, 'David','Mule Architect',85668
123, 'David','Mule Architect',85668
124, 'David','Mule Architect',85668
125, 'David','Mule Architect',85668
126, 'David','Mule Architect',85668
127, 'David','Mule Architect',85668
128, 'David','Mule Architect',85668
129, 'David','Mule Architect',85668
130, 'David','Mule Architect',85668
131, 'David','Mule Architect',85668
132, 'David','Mule Architect',85668
133, 'David','Mule Architect',85668
134, 'David','Mule Architect',85668
135, 'David','Mule Architect',85668
136, 'David','Mule Architect',85668
137, 'David','Mule Architect',85668
138, 'David','Mule Architect',85668
139, 'David','Mule Architect',85668
140, 'David','Mule Architect',85668
141, 'David','Mule Architect',85668
142, 'David','Mule Architect',85668
143, 'David','Mule Architect',85668
145, 'David','Mule Architect',85668
146, 'David','Mule Architect',85668
147, 'David','Mule Architect',85668
148, 'David','Mule Architect',85668
149, 'David','Mule Architect',85668
150, 'David','Mule Architect',85668
151, 'David','Mule Architect',85668
152, 'David','Mule Architect',85668
153, 'David','Mule Architect',85668
154, 'David','Mule Architect',85668
155, 'David','Mule Architect',85668
156, 'David','Mule Architect',85668
157, 'David','Mule Architect',85668
158, 'David','Mule Architect',85668
159, 'David','Mule Architect',85668
160, 'David','Mule Architect',85668
161, 'David','Mule Architect',85668
162, 'David','Mule Architect',85668
163, 'David','Mule Architect',85668
164, 'David','Mule Architect',85668
165, 'David','Mule Architect',85668
166, 'David','Mule Architect',85668
167, 'David','Mule Architect',85668
168, 'David','Mule Architect',85668
169, 'David','Mule Architect',85668
170, 'David','Mule Architect',85668
171, 'David','Mule Architect',85668
172, 'David','Mule Architect',85668
173, 'David','Mule Architect',85668
174, 'David','Mule Architect',85668
175, 'David','Mule Architect',85668
